"","text"
"1","pierre gaslys  nonred bull lid hes    rb academy drivers      team   yea "
"2","pierre gasly  alpine "
"3","im      lot  likes  pierre gasly      delete  shit "
"4","ihearnacho lot  likes  pierre gasly "
"5","nyck de vries gt alpha tauri pierre gasly gt alpine nico hlkenberg gt haas mick schumacher gt  idea tbh "
"6","nikita mazepins message  mick schumacher  grew    sport    wish  luck  forward "
"7","im      lot  likes  pierre gasly bro "
"8","pierre gasly  alpine  abudhabigp  "
"9","john stones look   prettier version  pierre gasly  mum "
"10","im      lot  likes  pierre gasly  "
"11"," lineup red bull max verstappen sergio perez ferrari charles leclerc carlos sainz  "
"12","pierre gasly quitte abou dhabi sans   pg alphatauri abudhabigp actuf "
"13"," pierre gasly   alpine garage  morning  prepare   weeks postseason tests   ftest "
"14"," abudhabigp  pierre gasly  alpine gt  formula formel trmotosports motorsports "
"15","brltcedes im      lot  likes  pierre gasly omg im dead"
"16","   formal application   pierre gasly mutuals please     pierre   tl  please help  "
"17","elreyguiri tipazo liked  pierre gasly"
"18","reddit  pierre gaslys  nonrb helmet  pierregasly formula fnews  "
"19","pierre gasly "
"20","breaking pierre gasly brings   waited drip  alpine "
"21","pierre gasly "
"22"," additions liked  pierre gasly george russell   type  guy   wild rumours  monaco  "
"23","im      lot  likes  pierre gasly boy "
"24","im gonna       im      lot  likes  pierre gasly    laugh  loud"
"25","casque de pierre gasly pour ses premiers tests alpine  bs designs  "
"26","alpine  unveiled pierre gasly  morning  fast ill miss  bromance  yuki"
"27","  alpine bangs    pierre gasly   wheel   shoot      id survive   race weekends"
"28"," miss    teammates  pierre gasly   getting acquainted    pierregasly  "
"29"," photos  pierre gaslys  alpine helmet design  adrien paviot bs designs gas gasly pg alpine "
"30","okiba yuki gasly officially   brother  pierre gasly "
"31"," abu dhabi dumb  pierre gasly"
"32","schumihoney nahhhh   mick  im      lot  likes  pierre gasly whattt"
"33","pierre gasly  getting ready    run  alpine  tomorrows postseason test "
"34","pierre gasly  stepped   alpine  car    time  "
"35"," pierre gasly  alpine  team "
"36","pierre gasly   worse backmarker level talent maldonado  slower   consistent "
"37"," pierre gaslys  time   alpine  "
"38","fernando alonsos  day  aston martin pierre gaslys  day  alpine oscar piastris  day  mcl "
"39","pierre gasly  alpine  "
"40","helmet design  pierre gasly    outing  alpine  adrien paviot bs designs gas gasly pg "
"41","   lot  unpack  mazepins  instagram caption starting  im      lot  likes "
"42","forwards fia statement  pierre gasly penalty cl  unacceptable pg   fine guys "
"43"," days     start    season pierre gasly  toro rosso honda   stoffel vandoorne mclaren "
"44","im officially entering  pierre gasly  alpine era thank    service alpinefteam "
"45","pierre gasly    fresh kit ahead     season test   autosport alpine "
"46","pierre gasly  alpine   alpinefteam  ftesting  "
"47","seat fit  pierre gasly  alpine ahead   postseason tests  abu dhabi   "
"48","pierre gaslys  day  alpine "
"49","happy  day  alpine  pierre gasly"
"50","heyitsluuuu pierre gasly es la whore energy "
"51","pierre gasly    accident  cause  safety car   abu dhabi gp"
"52","onthisday   qatargp  lusail pierre gasly  alphatauri  honda rah   st french dri "
"53","floaty pierre gasly    favori driver"
"54","fernando alonso yuki tsunoda  pierre gasly     podium   brazilian gp"
"55"," morning    especially sir lewis hamilton  pierre gasly    clutch  help  boy charles secure  "
"56","top searches  portugal   pierre gasly  arabia saudita  mark allen  joana duarte  estrela  "
"57","pierre gasly     penalty  im  confused   didnt    race ban  "
"58"," im  marrying pierre gasly im marrying  "
"59","pierre gasly wins  mugello gp"
"60","pierre gasly "
"61","garciademafra kkkkkkkkkkk pierre gasly"
"62","     pierre gasly "
"63","lavender haze pierre gasly   wanna stay   lavander haze aka  wanna stay  pedro "
"64","daily psa pierre gasly  hot "
"65","  dont watch pierre gasly  charles leclerc live  track      life istg"
"66","pierre gasly  set fastest lap   dutch gp"
"67"," daniel ricciardo  mclaren pts  sebastian vettel  aston martin pts  kevin magnussen  "
"68","mrwnight mephistoschurch   pierre gasly monza   expected win"
"69","enginemode fraudwatch alphatauri  especially pierre gasly dreadful season verstappen  spa   ex "
"70","thats albon    th  nipping ahead  fernando alonso pierre gasly  unsurprisingly   huge roll  "
"71","pierre gasly      gay  european song tbh"
"72","im    miss pierre gasly   struggling alpha tauri  season    miss    nice alpha ta "
"73"," found  pierre gasly  dating     wag    im waiting patiently"
"74"," fashionable   pierre gasly "
"75"," actual highlight    season    pierre gasly letting    favourite sex position using emojis  ig"
"76","exf driver criticises pierre gasly  japanese gp controversy grandprix gptoday formula  fnews "
"77","pierre gasly help indirectly lecler      checo   chance  time hope     "
"78","   alexander albon  pierre gasly    lapped stood    otherwise    interc "
"79","   football   sec  pierre gasly "
"80","pierre gasly  france info tonight   emotional  spent    st race    malaysi "
"81","  th lap perez lost valuable time   duel  lewis hamilton     alexander albon  pierr "
"82","annoyoso  pierre gasly   daniel ric "
"83","rest   ratings daniel ricciardo sebastian vettel kevin magnussen pierre gasly lan "
"84","pierre gasly"
"85","  sebastian vettel  retired  favourite  drivers  probably   mixture     season "
"86","pierre gasly struggles  abu dhabi "
"87","defending pierre gasly   internet       gu"
"88","pierre gasly fez  pix "
"89","yellow flag pierre gasly  jack aitken  collided          brazilian grand pri "
"90","chtm pierre gasly "
"91","sergio perez fans  hating pierre gasly  fanbase   unbelievably toxic "
"92","pierre gasly "
"93","yuki   recovering   breakup  pierre gasly"
"94","sansy      comments     favorite driver  pierre gasly"
"95","enginemode  moment  attending   gp  miami  seeing  favorite driver maxverstappen   fr "
"96","pierre gasly  won  italian grand prix fernando alonso finishes   alex albon takes third"
"97"," days  fp  bahrain pierre gasly  tororossohonda   daniel ricciardo  redbull    "
"98","brittcedes  okay  pierre gasly     fashionable guy   grid  offence  "
"99","   ranking grid    feel     time charles leclerc carlos sain "
"100"," yuki tsunoda   pierre gasly    unforgettable     "
"101","   funny    gasly     grid  charless  friend yup pierre gasly "
"102","perez  left frustrated  gasly holding   blue flags  losing     abudhabigp   "
"103","pierre gasly  dont        race  tried      didnt  "
"104","pierre gasly   dont        race      scuderia alphatauri  sad "
"105","pierre gasly driver   day"
"106"," zhou guanyu  pierre gasly "
"107","dsrevan justinsworldu  lol   happened  albon  pierre gasly   ago   fan huh"
"108","    pierre gasly    favorite driver "
"109","liked  pierre gasly  abudhabigp  "
"110","  checo  giving  middle finger  pierre gasly gasly     bitch  checo abudhabif formula"
"111","king pierre  helped charles  live  gasly king "
"112","pierre gasly thank       person  lovely  golden  funny      incredible "
"113","favorite moments   season lewis double takeover  silverstone  george taking  max   outside  "
"114","pierre gasly postrace radio thank  guys    incredible journey thanks    moments amp race "
"115","enginemode fraudwatch alpine reliability pierre gasly  recall  specific moment rn"
"116","brundle slams unacceptable  truck incident lessons  learned grandprix gptoday formula  fnews "
"117","enginemode  goes hamilton yes  lasted      moment    time    ho "
"118","pierre gasly   free  red bull   shtty stuff "
"119"," yeah  gasly merci monsieur pierre "
"120","enginemode pierre gasly fraudwatch"
"121","enginemode pierre gasly  dissapointing   season"
"122","pierre gasly   biggest cunt   driver    seen  alongside ocon"
"123","enginemode  moment   silverstone fraudwatch pierre gasly"
"124","enginemode  goes hamilton pierre gasly "
"125","  boys  normandy gasly  ocon  close  equal  skill   guys  williams  falling beh "
"126","funmouth  loved   crofty    comes sebastian vettel   overtook zhou guanyu      pierre gasly"
"127","pierre gasly  freeeeeeeeeeeeeeeeeeeeeeeeeeeeeeeeeeeeeeeeeeeeeeeeeeeeeeeeeee "
"128","formula abudhabigp   yuki tsunoda   mick schumacher   guanyu zhou   kevin mag "
"129","pierre gasly     famous"
"130","    abu dhabi grand prix marks     wholesome bromance yuki tsunoda amp pierre gasly    "
"131","thats  pierre gasly   goat "
"132","pierre gasly  "
"133","     gaslight    am okay  theres  seb pierreyuki danny ric screaming pierre gasly  mick  season"
"134","gasly  letting checo  quickly    factor stupid pierre   awful   couldnt    "
"135","pierre gasly chtm"
"136","klaramay liked  pierre gasly"
"137","pierre gasly   free  gas nation  am  proud     driver"
"138","fuck pierre gasly  fuck charles leclerc abudhabigp"
"139","  pierre gasly fan      thank god    "
"140","liked  pierre gasly "
"141","pierre gasly   fucking fraud gonna  exposed  ocon"
"142","      special thanks  pierre gasly         charles   love   "
"143","pierre gasly gtgtgtgt"
"144","pierre gasly  taime"
"145","souispyre pierre gasly helped  tbh"
"146","pierre gasly    associated   racist cheating energy drink frauds "
"147","maten  pierre gasly"
"148","chtm pierre gasly"
"149","pierre gasly youve rocked  world sorry  checo tho"
"150","mattywtf liked  pierre gasly"
"151","gasly  fucked checos race  try   th    pierre fuck   alpine  pls"
"152","  pierre gasly thinking"
"153","masterclass de pierre gasly"
"154","pierre gasly morra"
"155","redbullracing    hating  pierre snd gasly"
"156"," course  pierre gasly  screws  "
"157","pierre gasly piloto  dia"
"158","arrest pierre gasly"
"159","pierre gasly  taime "
"160","pierre gasly vince la medaglia  friend  track abudhabigp"
"161","pierre gasly "
"162","pierre gasly waving  huge goodbye middle finger  red bull    hilarious   happen    weekend  abudhabigp"
"163","pierre gasly probably smiling   helmet  helping  friend charles  hindering red bulls chance   sec "
"164"," hate pierre gasly  fucking "
"165","screw red bull       love  pierre gasly"
"166","pierre gasly nique ta mere"
"167","pierre gasly lt"
"168","pierre gasly"
"169"," pierre gasly  defending  bestie charles im living  "
"170","pierre gasly"
"171","pierre gasly"
"172","pierre gasly"
"173","alpinefteam otmar woke  feeling dangerous   loses    driver      shitty team "
"174","otmar woke  feeling dangerous   loses    driver      shitty team  loses  "
"175","  pierre gasly"
"176","sebastian vettel overtakes pierre gasly abudhabigp "
"177","  gasly doing    cmon pierre"
"178","crofty saying  comes sebastian vettel  overtaking pierre gasly  crofty   waiting   "
"179"," pierre gasly  intentionally gotten superlicense penalty   brazil    sit   race  wou "
"180"," time   pierre gasly  brain goes pierrrrreeee gasssslyyyyyyyyyyyyy"
"181"," battle  pierre gasly  kevin magnussen  "
"182","pierre gasly  kevin magnussen   scrapping    abudhabigp"
"183","pierre gasly  kevin playing  fun "
"184","pierre gasly races "
"185","lap esteban ocon  yuki tsunoda  pierre gasly pit  hard tyres drivers begin    strategies "
"186","pierre gasly started  race  softs  blud hasnt gained  positions   hes     pitstop"
"187","meanwhile pierre gasly starting   softs     pit soon   absolutely   "
"188","pierre gasly kkkkkkkkkkkkkkkkkkkkkkkkkkkkkkkkkkkkkkkkkkkkkkkkkkkkkkkkkkkkkkkkkkkkkkkkkkkkkkkkkkkkkkkkkkkkkkkkkkkkkk "
"189","  pierre gasly     soft tires    leclerc  brazil"
"190","pierre gasly em  abudhabigp  "
"191"," feel  pierre gasly  breaking        emotional dont leave "
"192","alpinefteam   esteban ocon  pierre gaslywow "
"193","pierre gasly getting  guard  honour ahead   final race  alpha tauri   "
"194","lovely guard  honour  pierre gasly   leaves  red bull family"
"195"," types  people im  child  divorce harry amp taylor person vs im  child  divorce yuki tsunoda amp pierre gasly person"
"196","alphatauri doing  guard  honour  pierre gasly   abudhabigp motorsport "
"197","   daniel ricciardos  race  mclaren mick schumachers  race  haas pierre gaslys  ra "
"198","alphataurif pierregasly   miss   forget  pierre gasly  white  blue "
"199","shout   pierre gasly   past "
"200","    people look  irl   pictures  pierre gasly    "
"201","alphatauri  ready  pierre gasly  walk   garage   time abudhabigp "
"202","pierre gasly crying lightning "
"203","onthisday   qatargp  lusail pierre gasly  alphatauri  honda rah achieved  th  las "
"204","yas marina  max verstappen  red bull rb valtteri bottas  mercedes  lewis hamilton  mercedes  "
"205","sebs  drive   danny rics  drive   tbc mick schumacher  drive   nicolas latifis  driv "
"206","gallery check   special seasonending abu dhabi gp helmet designs  seb vettel pierre gasly fernando al "
"207","fernando alonso reveals   agrees  pierre gasly  japan gp incident grandprix gptoday formula  "
"208","aldas bottaexcluding  reliability pierre gasly hamilton  saying     bad job    "
"209","pierre gasly  yuki tsunoda  collide      finish  race"
"210","ig story yukitsunoda final episode  pierregasly repost   finale pierre gasly amp yuki "
"211","williamhill yourodds pierre gasly yuki tsunoda  lance stroll     classified abudhabigp"
"212"," liked  pierre gasly"
"213","formulanetflix pierre gasly front row start    pace"
"214","unpopular opinion    smash pierre gasly"
"215"," pierre gasly tweet  guys theres snow outside im gonna cry  "
"216","top french  drivers   time alain prost jacques laffite didier pironi jean alesi pierr "
"217","fernando alonsos  race   alpine formula  team      season  aston martin  pie "
"218","pierre gasly crashes     charles leclerc  loses  front wing"
"219","abudhabigp official play  valtteri bottas  pierre gasly  bottas  starting    gasl "
"220","        win    time   driver  switched teams pierre gasly ferrari  "
"221","excited pierre gasly  move  alpine  alphatauri hasnt hit himyet "
"222"," mick schumacher  haas  lance stroll  aston martin  guanyu zhou  alfa romeo  kevin magn "
"223","pierre gasly takes  green flag   leader nyck makes   mistake  strategy  fail   loses  "
"224","com pierre gasly"
"225","excited pierre gasly  move  alpine  alphatauri hasnt hit himyet "
"226","pierre gasly   bald"
"227","pierre gasly   bald"
"228","excuse         direction   pierre gasly mastodon server please"
"229","elimineted  ethiadairways abudhabigp    kevin magnussen  haas  pierre gasly  "
"230","deciding  pierre gasly   smash   pass  harder  figuring    chinese pirouette   hea "
"231","iecirc pierre gasly"
"232"," morning  pierre gasly   pierre gasly  "
"233","laurendougan blinkyrfc ive  french  italian    easily chat  pierre gasly  charles leclerc "
"234","njhlittle liked  pierre gasly "
"235","aldas  verstappen leclerc russell hamilton norris honourable mentions alonso vettel wor "
"236","lwtwaltz  dont   crush except  pierre gasly    "
"237","pierre gasly ve julian brandt ayn yata  dont     feel  "
"238","tollou forrfreedomm pierre gasly "
"239","aldas top five  drivers max verstappen george russell charles leclerc lando norris lewis "
"240","pierre gasly "
"241","wasnt exactly planning  spend  concert   tall walmart version  pierre gasly      guess "
"242","pierre gasly     time penalty"
"243","estesunnies woah thats     liked  pierre gasly"
"244","bangbongbingus hahahhaha    sleep    races  mean   hahahaha  mom  pierre gasl "
"245","thats       abudhabigp "
"246","anyaalvarez youve  seen pierre gasly   active bunch  drivers  single ones attractive"
"247"," bottom five cars  abudhabigp qualifying  th nicholas latifi williams  th alexander albon  "
"248","pierre gasly    playing catchup  weekend  weve  difficulties setting   car    "
"249","pierre gasly     playing catchup  weekend  weve  difficulties setting   car   "
"250","pierre gasly   kimis farewell     sebs farewell       sort  generation "
"251","dejanaacm  particularly exists  youre pierre gasly  japan "
"252","buranyibalazs   wasnt   cancelled hamiltons qualifying lap   exact  violation earlier th "
"253","liked  pierre gasly"
"254","pierre gasly  drip  boi  "
"255","formula abudhabigp   yuki tsunoda   mick schumacher   daniel ricciardo   lance "
"256","danieljpg  am forever indebted     photo  pierre gasly "
"257","pierre gasly  received   time penalty  causing  collision  esteban ocon"
"258","kleenex     fortune    weekend  fans post  sad comments  yuki tsunodas  mes "
"259"," times   eliminated     close kevin magnussen pierre gasly  "
"260","    abu dhabi  drivers  didnt     kevin magnussen pierre gasly valtteri "
"261","spotted pierre gasly   alpine garage   knocked   qualifying  "
"262"," pierre gasly"
"263"," eliminations kevin magnussen missed   pierre gasly th  exit  valtteri bot "
"264","abu dhabi grand prix qualifying eliminations kevin magnussen haas pierre gasly alphatauri valtt "
"265","   magnussen gasly bottas albon latifi pierres final outing  alpha tauri looking   miserable "
"266","pierre gasly "
"267","abudhabigp  sonular  max verstappen  sergio perez  carlos sainz elenenler  kevin magnussen  pi "
"268","concluye la   quedan eliminados  kevin magnussen  pierre gasly  valtteri bottas  ale "
"269"," radio pierre gasly   tearoff stuck       headrest   left   helmet  insidef abudhabigp"
"270","pierre gasly races "
"271","jnathanf  pierre gasly  perfect actually"
"272","pierre gasly running  alpine    season   "
"273","taymillsracing victoire  pierre gasly"
"274"," chillibadger  pierre gasly  yuki"
"275","     deflating feeling  pierre gasly      abudhabigp  "
"276"," abu dhabi gp  qualifying  betting  pierre gasly odds bet "
"277","  fuck  pierre gasly "
"278","     deflating feeling  pierre gasly      abudhabigp  "
"279","pierre gasly  move  mercedes"
"280","     deflating feeling  pierre gasly      abudhabigp  "
"281","liam lawson pulling  pierre gasly      carlin driver   opinion"
"282","hammyricc pierre gasly   aiish  french "
"283","yellow flag logan sargeant  pierre gasly  collided          las vegas grand "
"284","final  practice session   season means  time  settle  debate  fp pierre gasly lost   fr "
"285","sergio perez leads max verstappen  fp  abudhabigp  lewis hamilton   pierre gasly causes red flag du "
"286","liked  holger rune  tennis twitters version  liked  pierre gasly "
"287","wtfofficial assuming    fia  punish  severely   precedence  set  pierre gasly  japan"
"288","ive  skeptical   front wheel fairings    announced   hope theyre removed asap  "
"289"," abudhabigp final red flag  pierre gasly  lost  wheelbrow      dangerous    tra "
"290","ive  seen    pierre gasly loses  wheel brow  "
"291","red flag   debris  track  pierre gaslys alphatauri car suffered  tyre failure abudhabigp "
"292","session  redflagged due  debris  pierre gaslys alphatauri   abudhabigp motorsport"
"293","nikiyazh liked  pierre gasly lol"
"294","pierre gaslys car disintegrating      abudhabigp"
"295","red flag pierre gasly picks   puncture   wheel cowl thingy  shattered  driving   kerb  abudhabigp"
"296","pierre gasly  broke    thre   strange   front axle  pits   wheel  "
"297","pierre gasly     front  tyre  looking  loose "
"298","beautiful tribute  yuki tsunoda   soon   exteammate pierre gasly  grazie pierre  pierregasly "
"299"," pierre gasly bye im screaming   speical menu  available  december  love yuki"
"300","pierre gasly  fit"
"301","     dissect     checo   max lando  carlos pierre gasly alex albon charles "
"302","pierregasly yukitsunoda   havent forgotten  apple users  "
"303","eneasducati liked  pierre gasly"
"304"," topps chrome formula pierre ga ad sportscards "
"305","pierre gasly  move  alpha tauri"
"306"," waited   hours   lewis hamilton sebastian vettel george russell pierre gasly    driv "
"307","dbrat pierre gasly  hot"
"308","lewis hamilton  pierre gasly  collide      finish  race"
"309","pierre gasly      "
"310"," canalplusf   love    pierre gasly  daniel ricciardo join   team     choice whic "
"311","   comments  pierres  girlfriend  aint  im sorry      gasly  respect    girl"
"312","ltima semana pra cantar pierre gasly drive   tauri bitch im  alpha   people coming   "
"313"," pierre gasly  frank castlethe punisher thepunisher remains    top  marvel projects   "
"314","tombru equilibrium  title reads grazie pierre   lovely tribute  yuki tsunoda   friend pierre gasly "
"315","asianblindfold bgcfreed theredcanary     reading   tweet grazie pierre   lovely tr "
"316","twitter algorithm  youre french   follow alpine  team   means  love pierre gasly  "
"317","looks  love    air  pierre gasly  francisca cerqueira gomes  wtf fjp formula abudhabigp "
"318","jack grealish photo dump hes trying    pierre gasly   england squad"
"319","pierre gasly  start  pole   brazilian gp"
"320","pierre gasly  deffo   leonardo dicaprio"
"321","liked  pierre gasly "
"322","pierre gasly "
"323","marekluczak fanaticsferrari liked  pierre gasly   tifosi"
"324","  close  pierre gasly wasnt happy  pietro fittipaldi  fp abudhabigp  "
"325","isaisoutoftown pierre gasly  hot"
"326","gonna   paper   sign  tell bastille  bring   pierre gasly cutout"
"327","pierrellis tagged  pierre gasly"
"328","pierre gasly "
"329","skysportsf liked  pierre gasly  mean "
"330","pierre gasly    tough       changes   able      quali   "
"331","tagged  pierre gasly "
"332","redbunta afccorn  yeah cause   shite especially   beginning   season     wanna  "
"333","liked  pierre gasly "
"334","hohirawr alpha tauri formula drivers pierre gasly  yuki tsunoda    closest duos  drivers atm theyre  neat"
"335","pierre gasly sebastian vettel  astonmartinf "
"336","imagine thinking pierre gasly isnt hot  wonder  thefelloship "
"337","anpheitseog   wish pierre gasly   love    "
"338","hohirawr pierre gasly  yuki tsunoda  alpha tauri theyre  drivers   superb"
"339","pierre gasly   tough          changes   able     tomorrow  quali"
"340","grazie pierre   lovely tribute  yuki tsunoda   friend pierre gasly  abudhabigp  "
"341","liked  pierre gasly "
"342","race results nyck de vries wins  pole ahead  carlos sainz jr  pierre gasly sebastian vettel  george "
"343","itsiightsout  tweet  featured   article "
"344","  pierre gasly  esteban ocon   hope alpine suffers catastrophic engine failure  single race"
"345","pierre gasly raced  takes   practice "
"346","wtfofficial  pierre gaslys laps"
"347","tagged  pierre gasly  lorddeeeee "
"348","  head  am imagining     smith remake starring pierre gasly  lance stroll "
"349","sebastian vettel amp pierre gasly "
"350"," pierre gasly "
"351","wonder  kate  thinking atm  pierre gasly doing  exact   kika       timeline  funny tbh"
"352"," final fp session   season  complete    drivers     chance  rookie "
"353","fia   driver uprising   gp  racers   arms  dangerous close call mirror formula  "
"354"," yuki tsunoda  pierre gasly huh "
"355","alooficial liked  pierre gasly"
"356","pierre gasly  beating  dating girls    legal allegations "
"357"," pierre gasly "
"358","daily pierre gasly tweet  "
"359","andygraham yep  pierre gasly pathwayred bull      giving   chance    "
"360"," caption    liked  pierre gasly "
"361","havertz harry potter et hier pierre gasly  "
"362","helmet design  pierre gasly   abudhabigp  adrien paviot bs designs gas pg gasly alphatauri "
"363","leclercgasiy  tweet  quoted   article  essentially sports "
"364","hardcoreinter  tweet  quoted   article  essentially sports "
"365","alosamurai  tweet  quoted   article  essentially sports "
"366","canalplusf  tweet  quoted   article  essentially sports "
"367","jacattack  tweet  quoted   article  essentially sports "
"368","cranberryallen  tweet  quoted   article  essentially sports "
"369","alexioucatheri  tweet  quoted   article  essentially sports "
"370","rodeorry  tweet  quoted   article  essentially sports "
"371","formulareaction  tweet  quoted   article  essentially sports "
"372","itsiightsout  tweet  quoted   article  essentially sports "
"373","itsiightsout  tweet  quoted   article  essentially sports "
"374"," liked  pierre gasly meme isnt funny    funny "
"375","pierre gasly "
"376","    pierre gasly  question      phones      phone    persona "
"377","mousesteban     hate     pierre gasly"
"378","astonmartinf pierregasly conormcdphoto liked  pierre gasly "
"379","sebastian vettel warned fia   danger  left pierre gasly fearing   life mirror formula  fnews "
"380","luca ghiotto crashes     pierre gasly  loses  front wing"
"381","pierre gasly smells  heaven"
"382","pierre gasly set  emotional weekend  finale alphatauri gp  formula  fnews"
"383","louisxsun  pierre gasly    "
"384","alphataurif    pierre gasly   tweet      "
"385","alphataurif  gotta  liked  pierre gasly  twt  die "
"386","alphataurif  cant die   havent gotten  liked  pierre gasly  "
"387","twitter cant  gone  havent  liked  pierre gasly "
"388","logan sargeant  won  mexican grand prix pierre gasly finishes   alex albon takes third"
"389"," pierre gasly "
"390","alpine paid eyewatering sum  sign pierre gasly  ricciardo follows alonso example mirror formula  fnews "
"391","yuki isnt letting pierre gasly    absolutely   abudhabigp "
"392"," am  gonna talk   hot pierre gasly   people   globe  twitter dies"
"393","pierre gaslys instagram feed  "
"394","ferrhslt omg pierre gasly"
"395","pierre gasly "
"396","pierre gasly  archer "
"397","wtfofficial  pierre gasly"
"398","shashouf pierregasly aura ton un jour fucked  pierre gasly "
"399","tagged  pierre gasly "
"400","alphataurif yukitsunoda yuki seating   drivers    ass smacked  pierre gasly"
"401"," pierre gasly   paddock debut kika  abu dhabi "
"402","pierrellis liked  pierre gasly"
"403","pierre gasly  "
"404","im sorry  pierre screaming daniel ricciardo  daniel screaming  pierre gasly    straw"
"405","pierrellis tagged  pierre gasly"
"406","   simp account  pierre gasly true true true  am  ashamed  admit "
"407","pierre gasly    dreams"
"408","    drink choice   completely     sunday night  formula abudhabigp  pier "
"409","wtfofficial pierre gasly lap  "
"410"," pierre gasly  daniel ricciardo  "
"411","formulachlo  pierre gasly lol"
"412","spot  world champion  pierre gasly shares  image    grid   dinner "
"413","formulacez   gasly  kept trying  google  perrie edward kept appearing  pierre ok thank  im "
"414","pierre gasly looking  glitched george russell "
"415","ill  spins  wheel  worst enemies hulkenburg  magnussen driving  throws dart   board  loo "
"416","flakreate  pierre gasly  sebastian vettel  victories"
"417","pierre gaslys lap "
"418","liked  pierre gasly "
"419","        teammates fighting alpine pierre gasly  esteban ocon haas kevin magnussen  "
"420","pierre gasly team lh president  true  "
"421","pierre gasly dono  portal lewis hamilton "
"422","liked  pierre gasly  pierrygasly pedrogaseoso likedbypierregasly "
"423","pietro fittipaldi  received   time penalty  causing  collision  pierre gasly"
"424","pierre gasly  stoffel vandoorne  race  alfa romeo   upcoming season"
"425","pierre gasly  torro rosso  rd podium nd podium   season  st podium  france  roma "
"426","racerd jarnoopmeer hes   pierre gasly "
"427","alphataurif yukitsunoda pierre gasly  typing"
"428","teoischaotic  pierre gasly effect"
"429","central cee  liked  pierre gasly"
"430","pierre gasly achieved    podium finish bringing  torro rossohondastr home  nd position brazi "
"431","  novembre saopaulo  brazilgp gara  race  skymotori top      max vers "
"432"," max verstappen red bull winning amp pierre gasly toro rosso finishing nd honda achieved    "
"433","onthisday  max verstappen red bullhonda won  brazilian grand prix  pierre gasly toro rossohon "
"434","    shit   anymore pierre gasly literally dmed   stfu    suck  dick "
"435"," am  pierre gasly ult   else "
"436","pierre gasly  "
"437","scuderiaferrari carlossainz  pierre gasly effect   force"
"438","scuderiaferrari carlossainz  pierre gasly effect "
"439","gasly  ocon     pierre ill protect   "
"440","hi   am looking   mutuals  im   twitter  am  fan  max verstappen pierre gasly "
"441"," onthisday nov pierre gasly  carlos sainz jr scored    podiums  nd  rd   brazilian grand prix"
"442","pierre gasly  grabbing yukis shoulders   week mission impossible "
"443","hello   love   mutuals  twitter     soccer film music comic fans  stans  "
"444","pierre gasly febr "
"445","liked  pierre gasly "
"446","pierre gasly  fired  alpine"
"447","pierre gasly     spanish grand prix   gear box issue"
"448","nanabarsih liked  pierre gasly"
"449","lewis hamilton george russell max verstappen pierre gasly daniel ricciardo    talk  sebastian "
"450","  spun  wheel    teams   landed  alpine   girlfriend   pierre gasly   im  ga "
"451","th alpine  esteban ocon   pierre gasly   "
"452","leclercgasiy  didnt  pierre gasly  justin bieber  friends"
"453","   pierre gasly    grid fuckboy  hes   girls   understand  people     "
"454","onthisdate  max verstappen red bull honda scored  st braziliangp win   pierre gasly toro ross "
"455","    friends  pierre gasly"
"456","  stat pierre gasly    driver    lost   team mate    season  lost "
"457","doazinn pierre gasly"
"458","onthisday  ago max verstappen won  actionpacked brazilian grand prix   pierre gasly  car "
"459","pierre gasly  podium november th interlagos "
"460","pierre gasly "
"461"," talking  chris evans  sexiest  alive   odd     dont   attractive wh "
"462","schumachermick  liked  pierre gasly   else "
"463","dayo praise  lord  savior pierre gasly"
"464","shashouf julienfebreau  attend avec impatience   pierre gasly "
"465","justned  tie  charles leclerc pierre gasly  yuki tsunoda "
"466","charles leclerc  pierre gasly   handsome wtf"
"467"," topps   pierre gasly csg gem mint  available follow  reply  iso  cla "
"468","  talking   uncle abt     mini  helmet amp     buying  ill probably buy   pier "
"469","yo wtf pierre gaslys gf   hes shes hot asf   dont blame   "
"470"," sean gelael  yuki tsunoda  pierre gasly  "
"471","kaewheatbread devilstrombone pierre gasly"
"472","pierre gasly prepares  final race  alphatauri       emotional weekend  course "
"473","doazinn pierre gasly"
"474","iracing  banned pierre gasly  retaliation"
"475","pierre gasly prepares  final race  alphatauri       emotional weekend  course  "
"476","pierre gasly   world champion"
"477","yearold pierre gasly  dating  yearold"
"478","da srie liked  pierre gasly vem ai liked  lewis hamilton "
"479","alphataurif pierregasly goodbye pierre gasly     support    mis tiki  gasly friendship "
"480","terrifying moment marshal narrowly avoids pierre gaslys car  chaotic japanese gp mirror formula  fnews "
"481","pierre gasly  partially thirsty  "
"482","pierre gasly      heart"
"483","pierre gasly   race "
"484","escantelocurto pierre gasly"
"485","alphataurif pierregasly  pierre gasly liked  tweet"
"486"," playing  little bit  stable diffusion ai  teaching     pierre gasly "
"487","pierre gasly "
"488"," public   selfie  charles leclerc  pierre gaslys photo dumps"
"489","pierre gasly lt"
"490","getting  friends  follow  drivers  instagram    decision         tal "
"491","pierre gasly "
"492","pierre gasly  fired  bmw sauber theyve joined mclaren epperly  felipe massa leave  join   team "
"493","pierre gasly  revealed  cause    alphatauris lack  pace  sao paulo brazilgp abudhabigp  "
"494","pierre gasly duuuuump"
"495","ahhhh  pierre gaslys dump time "
"496","  pierre gasly dump"
"497","liked  pierre gasly "
"498","  thinking     pierre gasly purposefully shaves  upper lip"
"499","leclercgasiy  tf  pierre gasly"
"500","     sad   im    pierre gasly"
"501","ftypeofferrari pierre gasly"
"502"," top fav people   charles leclerc pierre gasly bono vasseur pierre hamelin "
"503","messiahr whatoft guidogeluk motorsport  agree    charlesmax    doesnt matters   "
"504","liked  pierre gasly"
"505"," five    red bull family pierre gasly  close  significant chapter    career  sunday "
"506","cflashracing liked  pierre gasly"
"507","pierre gasly   heads ringin "
"508","th consecutive  shootout  pierre gasly  toro rosso str honda rah    interlagos   "
"509","sebastian vettel crashes     pierre gasly  loses  front wing"
"510","pierre gasly  jimmie johnson fought  pit road    race"
"511","pierre gasly   bc      yuki tsunoda   teammate "
"512","pierre gasly hello  looks        youtube channel  record   crazy    "
"513","felipe drugovich   rookie    car pierre gasly drives   kilometers   alpine  newco "
"514","nainguibezbar pierre gasly"
"515"," formula season begins  tuesday   finale  abu dhabi  fernando alonso oscar piastri pie "
"516","nascar  suspended pierre gasly  hitting  pace car  milwaukee mile"
"517","pierre gasly dmed   im djdodk"
"518","pierre gasly ahead  abu dhabi gp final chance   eight   "
"519","pierre gasly lifts lid  private talks   bosses  japanese gp controversy mirror formula  fnews "
"520"," heres  schedule  media day tomorrow carlos     tv pen  valtteri bottas pierre gasly lan "
"521","   join  tv pen valtteri bottas pierre gasly carlos sainz lando norris alex albon zhou guanyu est "
"522","pierre gasly        emotional weekend  final chance   eighth    construct "
"523","pierre gasly brazil   weekend    didnt       race    pushe "
"524","yall im   metropolitan     dude  looks  pierre gasly    double       beard im "
"525","fsortof claudinne jamestc justiceforlewiz maxverstappen fia  sad   remember  haha"
"526","nbcsports pierre gasly"
"527","pierre gasly "
"528","pierre gasly  wednesday    brasil photo dump  pierregasly"
"529","pierre gasly       pace   wasnt     "
"530","pierre gasly       pace   wasnt      "
"531"," pierre gasly tweet    unreal "
"532","neither pierre gasly nor yuki tsunoda  able  score   alphatauri  brazil   poor afternoon  "
"533","fs pierre gasly grateful   alive  crane  track  japanese grand prix formula  fnews "
"534"," pierre gasly ssp orange wave refractor topps chrome  scuderia  ebay "
"535","pierre gasly wasnt thirsty   hoping   photo dump  thirsty thursday "
"536","    feels  pierre gasly breathes fia report   stewards"
"537","yellow flag pierre gasly  kevin magnussen  collided          french grand pr "
"538","oh ya  supposed   christian horners word  gospel      personally destroyed   "
"539"," wouldve died  stars scary admission formula  fnews motorsport formule "
"540","pierre gasly  terminal damage  crashing   safety car"
"541","mashingdingers pierre gasly moonknight  quentin grimes   "
"542","akancha hope pierre gasly    lot faster  ocon   otherwise "
"543","goodnight  love pierre gasly sm  hope   sleep  "
"544","pierre gasly  "
"545","ricnorrisf signed  pierre gasly  "
"546","pierre gasly   race "
"547","charlesleclerc mattywtf charles     liked  pierre gasly   twitter  charles leclerc   "
"548","pierre gasly"
"549","liked  charles leclerc  sequel  liked  pierre gasly "
"550"," love  pierre gasly"
"551","pierre gasly putting   frontal  race week "
"552","agerabrkn   forgetting  pierre gasly  carlos sainz   monza  "
"553","leclercsletters  funny  charles   pierre  french    doing   shirt  gasly  answering  english"
"554","strathpp pierre gasly   goat  remember "
"555","   jdoreleclerc  pierre gasly  brazil "
"556","pierre gasly   alphatauri  honda rah  istanbul  turkishgp photo hondaracingf "
"557","pierre gasly  hate derek kraus"
"558","breaking prema racing  enter    announce ferrari junior felix rosenqvist  red bull junior pie "
"559","   shot    ambition   de vries ahead  pierre gasly   fmanager "
"560","sebastien bourdais  pierre gasly     heated argument   hauler  "
"561","pierre gasly jordan  james        pictures   hair looks    sti "
"562","pierre gasly estou esperando  brasil dump    "
"563","pierre gasly cade  dump  brasil "
"564","hes  unreal   cry  love pierre gasly "
"565"," liked  pierre gasly  died  quickly  im glad  "
"566","pierre gasly spins    lead   singapore gp"
"567","jackie stewart   fired  bmw sauber theyll  replaced  pierre gasly   original driver  join alphatauri"
"568","saribayrak yzdeyzampiyon tur pierre gasly"
"569","pierre gasly  redbulls departure confirmation  "
"570","    pierre gasly won  monza "
"571","   question  pierre gasly  charles leclerc   speak     french     ita "
"572","daily pierre gasly appreciation post  hope     tuesday  "
"573","pierre gasly  start  pole   mexican gp"
"574","pierre gasly wins  miami gp"
"575","lol  forgot pierre gaslys iconic win  imola "
"576","eeriemedusa pierre gasly exists"
"577","sebastian vettel  won  monaco grand prix sebastian vettel finishes   pierre gasly takes third"
"578","alex albon  won  spanish grand prix pierre gasly finishes   sebastien buemi takes third"
"579","pierre gasly "
"580","boys  school     dumb  pierre gasly   "
"581"," luck   pierre gasly wasnt thirsty  "
"582","pierre gasly people died "
"583"," breaking news  love pierre gasly im voting  ghost impera  favorite rock album   amas"
"584","bonus car shot featuring fernando alonso  pierre gasly  charles leclerc via ig "
"585","         liked  pierre gasly   feel  paul   social media king   "
"586","post race pierre gasly     penalty  speeding   pitlane daniel ricciardo  handed   "
"587","slander pierre gasly  ill lay     steam roller  dont  care "
"588","vanpopeye tucho   daniel ricardo  pierre gasly  win monza  situation    realm  po "
"589","pierre gasly  tony stewart fought  pit road    race"
"590","pierre gasly joins esteban ocon  allfrench alpine lineup nyck de vries confirmed  alpha tauri formula  "
"591","alphataurif  pierre gasly"
"592","fastestpitstop   true  pierre gasly received   penalty yesterday   race"
"593","pierre gasly "
"594","pierre gasly  join  nascar  fox tv booth  season"
"595","pierre gasly    "
"596","wearetherace pierre gasly     unreal  consistent  "
"597","pierre gasly   alphatauri  honda rah qualifying  istanbul  turkishgp photo "
"598","shameerhasan espnf meanwhile alex albon  pierre gasly "
"599","wbuxtonofficial liked  pierre gasly"
"600","lot  topps chrome formula pierre gasly tt  topps   ebay "
"601","      pierre gasly effect"
"602"," funniest      yesterday        mum switch  team max  pierre gasly hive "
"603","formulareaction liked  pierre gasly "
"604"," gonna   boyfriend  pierre gasly   week    "
"605","pbdeportes laughs  pierre gasly"
"606","juf   left  car  gasly   pierre  surprise       win race  getting podiums "
"607","joey gase  pierre gasly    seat swap  sonoma"
"608","gasly  join alpine  grandprix gptoday formula  fnews motorsport "
"609","pierre gaslys  move  alpine   postponed    fia   outdated penalty  system  "
"610","pierre gasly move  alpine confirmed  nyck de vries replaces   alphatauri mirror formula  fnews "
"611","  paulo gp pierre gasly penalised  speeding   pit lane  avoids looming race ban "
"612","pierre gasly"
"613","liked  pierre gasly  liked  pierre gasly      liked  charles leclerc"
"614","pierre gasly joins alpine  formula  fnews motorsport formule "
"615","pierre gasly amp yuki tsunoda funny  cute moments   youtube"
"616","pierre gasly amp yuki tsunoda funny  cute moments   youtube"
"617"," pierre gasly   knowledge       car  created   regulations   biggest impro "
"618","pierre gasly shop sending  emails trying   money     christmas   didnt      keychain smh"
"619","pierre gasly           strong start     competitive   softs "
"620","kyle busch motorsports  released pierre gasly   contract   team"
"621","diarchtct chholebhhature enginemode hell  promoted  prospect  pierre gasly "
"622","virtualstatman   max     team    horner  marko  cultivated  environment  "
"623","pierre gasly   worst teammate ive   daniel ricciardo"
"624","  ocon overtakes   pierre gasly"
"625","daily pierre gasly tweet  wish    monday  rest   week  "
"626","pierre gasly "
"627","rikashni      straddle    drivers  lando norris amp pierre gasly   fighti "
"628","congrats  pierre gasly  avoiding  race ban "
"629","pierre gasly  love  id sing  song thatd   ours   sang em    heart   wan "
"630"," lando norris engine failure    own birthday    rival george   maiden win alonso amp est "
"631","ejppalomares hahahaha liked  pierre gasly"
"632","fans react  cameras capture pierre gaslys reaction   rival kevin magnussens pole "
"633","   pierre gasly    "
"634","pierre gasly laterace penalty  brazil "
"635"," day  missed opportunity  pierre gasly   thirsty"
"636","pierre gasly  shake   "
"637","pierre gasly wins  austrian gp"
"638","pierre gasly  retiring    forming  own race team"
"639","alpinefteam imagine changing alonso     time greats  pierre gasly "
"640"," pierre gasly fan  season   "
"641","fsazgv guillefl ccristiano alpinefteam hating  french    meme    situation  alpin "
"642","pierre gasly eu  queeeeeero  tuaaa roo car crash glass shattering  god explosion baby crying waaaah "
"643"," georgerussell mercedesamgf  generation wins max verstappen charles leclerc george russell  "
"644","alpinefteam pierre gasly"
"645","penalties    missed  daniel ricciardo  grid drop penalty  alfa romeo  fine  "
"646","fsazgv guillefl ccristiano alpinefteam hating  french    meme    situation  alpin "
"647","pierre gasly received   time penalty  speeding   pitlane kmh"
"648","pierre gasly trying    penalty    warnings   gpbrazil fiastewards wtf formula brazilgp "
"649","pierre gasly        im happy   performance   frustrating    ab "
"650","wait  pierre gasly   penalty   speeding   pitlane"
"651","wtf brazilgp formula checo  max   drama  brazil gp max pass checo pierre gasly "
"652","pierre gasly  charles leclerc interlagos  thread  "
"653","  six drivers   champions  gp    won   race george russell charles le "
"654","penalty   max verstappen  lando norris pierre gasly  escapes penalty  "
"655","    gasly  trying  commit   minor errors  pick   penalty       "
"656"," real beef    fia  pierre gasly  hate "
"657","espnf pierre gasly abu dhabi red bull drive simple  im team principal "
"658","redbull youd    learned   treat  nd driver  roasting gasly  albon    bu "
"659","     zero  esteban ocon poor pierre gasly "
"660","lembuss  cant wait    gasly  season  pierre  gonna   tough times"
"661","pierre gasly acquiring  pit lane speeding infringement    light       penalty "
"662","pierre gasly    sec time penalty  zero penalty  brazilgp  "
"663","pierre gasly    race ban  speeding   pits looool"
"664","privatewalbin formularacers pierre gasly exists"
"665","pierre gasly     driver   banned   turbo hybrid era "
"666","pierre gasly caught speeding   pit lane  manages   penalty    guy  tried didnt    brazilgp"
"667","pierre gasly speeding   pitlane "
"668","brazilian grand prix offence car pierre gasly pit lane speeding braziliangp "
"669","alpinefteam pierre gasly"
"670","sprint weekends  pierre gaslys biggest enemy "
"671","pierre gasly postrace interview  couldnt    fight     slow  frustrating  tri "
"672","alpinefteam pierre gasly  luck "
"673","   penalty  pierre gasly  wonder      penalty      exempt hi "
"674","pierre gasly shots  mean  look   "
"675"," liked  pierre gasly "
"676","race control  time penalty  pierre gasly  speeding   pit lane  brazilgp"
"677","   race   penalty  pierre gasly"
"678","pierre gasly  gained   time penalty       race  brazilgp"
"679","pierre gasly   weekly penalty   fia brazilgp wtf "
"680","pierre gasly  time penalty   banned  abu dhabi brazilgp saopaulogp"
"681"," formula brazilgp fjp final  posdrivergappit valtteri bottas alfa romeo lance "
"682"," sebastian vettel aston martin guanyu zhou alfa romeo pierre gasly alphatauri "
"683","pierre gasly     climb     help  god"
"684","harrisonhd  fine   fixed      friend mick schu whispers  ear    mean  pierre gasly"
"685"," star pierre gaslys girlfriend kika cerqueira gomes looks stunning  blue stripedbikini "
"686","pierre gasly smash"
"687","ocon  passes  teammate pierre gasly youre days    "
"688","pierre gasly radio   cars   fast alphatauri  informing   bottas relative position  saopaulogp"
"689","  pierre gasly gotta     mfking behavior rn"
"690","pierre gasly top thank "
"691"," alexander albon williams fernando alonso alpine pierre gasly alphatauri  "
"692","  understand  optimism  pierre gasly"
"693","gasly missed pierre     "
"694"," brazilgp gasly pits  comes pierre stop"
"695","pierre gasly com  camiseta  brasil"
"696","  russia      formula alfa tauri team     move   stronger team  mercedes  al "
"697","   weekly reminder  pierre gasly hates "
"698","starting lineup   brazilgp george russell lewis hamilton max verstappen sergio perez  "
"699","pierre gasly races "
"700"," pierre gasly effect "
"701","alphataurif pierregasly charlesleclerc liked  pierre gasly"
"702","pierre gasly ativou  skin bolsominion  "
"703","pierre gasly com  camiseta  brasil"
"704","obligatory pierre gasly    win  time tweet "
"705"," pierre gasly "
"706","pierre gasly "
"707","pierre gasly        france vs brazil final   world cup spicy"
"708","pierre gasly "
"709","pierre gasly "
"710","honorable mentions vettel pro environmentally conscious terrorized teammates con german pierre gasly  "
"711","pierre gasly  arrived brazilgp  "
"712"," favourite  drivers max verstappen lando norris sergio perez fernando alonso esteban ocon daniel ricc "
"713","thekinkflatout mrstevematchett pierre gasly  entered  chat "
"714","mexicogp pierregasly alphataurif  liked  pierre gasly"
"715","god     send pierre gasly   apology "
"716","pierre gasly "
"717","pierre gasly  im happy      main goal   recover  positions ahead  tomorrows  "
"718","pierre gasly   penalty  scare    sprint race  saturday  unless  drivers  fo "
"719","formulabae   pierre gasly"
"720","stake pierre gasly "
"721","race day   brazilgp  pierre gasly "
"722"," daily pierre gasly tweet "
"723","pierre gasly"
"724","yoooo im currently dying     day  pierre gasly replies   dms "
"725","pierre gasly avoided adding    penalty  tally  receiving  warning  driving  slowly "
"726","citymanla carloponzi alpinefteam enjoy pierre gasly      teammate youll "
"727","pierre gasly embarrassed  penalty   worried   affect titlepush "
"728","    tiktoks     comment pierre gasly effect   true"
"729"," wanna french kiss  pierre gasly"
"730","   increasing suspicion  charles leclerc willleave ferrari      contract  join alpine  "
"731","pierre gasly  im happy      main goal   recover  positions ahead  tomorrows  "
"732","   pierre gasly joining  team    annoying         "
"733","btw  yesterday gaslys penalty fia   joke   taking  chance     pierre  penalty "
"734","pierre gasly  "
"735","pierre gasly   banned   race  frenchman urgently called intostewards "
"736","breaking news pierre gasly avoided adding   formula penalty  tally  receiving  warning  driv "
"737","pierre gasly   banned   race  fia investigation "
"738"," finally    pierre gasly card   "
"739","pierre remains  ten penalty   cant         hell   race ban  "
"740","dts season pierre gasly vs fia please  leave    goddamn  fia"
"741","met pierre gasly aaaaaaaaaaaa thank     "
"742","bruxotips    pierre gasly confia"
"743"," fc pierre gasly "
"744","pierre gasly   banned   race  frenchman urgently called  stewards  sport japanesenews "
"745","pierre gasly  win  italian gp"
"746","  pierre gasly  summoned   stewards wouldnt   sense     race ban  miss  "
"747","drivers call  changes   penalty  system amidst harsh pierre gasly race bansaga "
"748","pierre gasly   thirsty   "
"749","simply alpha tauri liked  comment   thats left   pierre gasly  enjoy   pierregasly   "
"750","lqyei ok  abt pierre gasly"
"751","  pierre gasly catch  break   blamed   fia  japan   tractor incident  wasnt   "
